[{"id":"ccf22e92cea3639683c0271d65d00673","data":{"name":"Int32","description":"-2 147 483 648 ～ 2 147 483 647. 32bit 符号付き整数. JavaScriptのnumberとして扱える. numberの32bit符号あり整数をSigned Leb128のバイナリに変換する","attribute":{"_":"Nothing"},"projectId":"1e4531eba1d93cd9f9f31a8bc49551a2","typeParameterList":[],"body":{"_":"Kernel","typePartBodyKernel":"Int32"}}},{"id":"743d625544767e750c453fa344194599","data":{"name":"Binary","description":"バイナリ. JavaScriptのUint8Arrayで扱える. 最初にLED128でバイト数, その次にバイナリそのまま","attribute":{"_":"Nothing"},"projectId":"1e4531eba1d93cd9f9f31a8bc49551a2","typeParameterList":[],"body":{"_":"Kernel","typePartBodyKernel":"Binary"}}},{"id":"93e91ed730b5e7689250a76096ae60a4","data":{"name":"Bool","description":"Bool. 真か偽. JavaScriptのbooleanで扱える. true: 1, false: 0. (1byte)としてバイナリに変換する","attribute":{"_":"Just","value":"AsBoolean"},"projectId":"1e4531eba1d93cd9f9f31a8bc49551a2","typeParameterList":[],"body":{"_":"Sum","patternList":[{"name":"False","description":"偽","parameter":{"_":"Nothing"}},{"name":"True","description":"真","parameter":{"_":"Nothing"}}]}}},{"id":"d7a1efe440138793962eed5625de8196","data":{"name":"List","description":"リスト. JavaScriptのArrayで扱う","attribute":{"_":"Nothing"},"projectId":"1e4531eba1d93cd9f9f31a8bc49551a2","typeParameterList":[{"name":"e","typePartId":"cf95a75adf60a7eecabe7d0b4c3e68cd"}],"body":{"_":"Kernel","typePartBodyKernel":"List"}}},{"id":"cdd7dd74dd0f2036b44dcae6aaac46f5","data":{"name":"Maybe","description":"Maybe. nullableのようなもの. 今後はRustのstd::Optionに出力するために属性をつける?","attribute":{"_":"Nothing"},"projectId":"1e4531eba1d93cd9f9f31a8bc49551a2","typeParameterList":[{"typePartId":"7340e6b552af43695335a64e057f4250","name":"value"}],"body":{"_":"Sum","patternList":[{"name":"Just","description":"値があるということ","parameter":{"_":"Just","value":{"typePartId":"7340e6b552af43695335a64e057f4250","parameter":[]}}},{"name":"Nothing","description":"値がないということ","parameter":{"_":"Nothing"}}]}}},{"id":"943ef399d0891f897f26bc02fa24af70","data":{"name":"Result","description":"成功と失敗を表す型. 今後はRustのstd::Resultに出力するために属性をつける?","attribute":{"_":"Nothing"},"projectId":"1e4531eba1d93cd9f9f31a8bc49551a2","typeParameterList":[{"typePartId":"2163b3c97b382de8085973eff850c919","name":"ok"},{"typePartId":"bd8be8409130f30f15c5c86c01de6dc5","name":"error"}],"body":{"_":"Sum","patternList":[{"name":"Ok","description":"成功","parameter":{"_":"Just","value":{"typePartId":"2163b3c97b382de8085973eff850c919","parameter":[]}}},{"name":"Error","description":"失敗","parameter":{"_":"Just","value":{"typePartId":"bd8be8409130f30f15c5c86c01de6dc5","parameter":[]}}}]}}},{"id":"f1f830d23ffab8cec4d0191d157b9fc4","data":{"name":"String","description":"文字列. JavaScriptのstringで扱う. バイナリ形式はUTF-8. 不正な文字が入っている可能性がある","attribute":{"_":"Nothing"},"projectId":"1e4531eba1d93cd9f9f31a8bc49551a2","typeParameterList":[],"body":{"_":"Kernel","typePartBodyKernel":"String"}}},{"id":"2df0cf39f4b05c960c34856663d26fd1","data":{"name":"Unit","description":"Unit. 1つの値しかない型. JavaScriptのundefinedで扱う","attribute":{"_":"Just","value":"AsUndefined"},"projectId":"1e4531eba1d93cd9f9f31a8bc49551a2","typeParameterList":[],"body":{"_":"Sum","patternList":[{"name":"Unit","description":"Unit型にある.唯一の値","parameter":{"_":"Nothing"}}]}}},{"id":"4e3ab0f9499404a5fa100c4b57835906","data":{"name":"ProjectId","description":"プロジェクトの識別子","attribute":{"_":"Nothing"},"projectId":"1e4531eba1d93cd9f9f31a8bc49551a2","typeParameterList":[],"body":{"_":"Kernel","typePartBodyKernel":"Id"}}},{"id":"5a71cddc0b95298cb57ec66089190e9b","data":{"name":"UserId","description":"ユーザーの識別子","attribute":{"_":"Nothing"},"projectId":"1e4531eba1d93cd9f9f31a8bc49551a2","typeParameterList":[],"body":{"_":"Kernel","typePartBodyKernel":"Id"}}},{"id":"719fa4020ae23a96d301d9fa31d8fcaf","data":{"name":"IdeaId","description":"アイデアの識別子","attribute":{"_":"Nothing"},"projectId":"1e4531eba1d93cd9f9f31a8bc49551a2","typeParameterList":[],"body":{"_":"Kernel","typePartBodyKernel":"Id"}}},{"id":"72cc637f6803ef5ca7536889a7fff52e","data":{"name":"CommitId","description":"提案の識別子","attribute":{"_":"Nothing"},"projectId":"1e4531eba1d93cd9f9f31a8bc49551a2","typeParameterList":[],"body":{"_":"Kernel","typePartBodyKernel":"Id"}}},{"id":"b193be207840b5b489517eb5d7b492b2","data":{"name":"ImageToken","description":"画像から求められるトークン.キャッシュのキーとして使われる.1つのトークンに対して永久に1つの画像データしか表さない. キャッシュを更新する必要はない","attribute":{"_":"Nothing"},"projectId":"1e4531eba1d93cd9f9f31a8bc49551a2","typeParameterList":[],"body":{"_":"Kernel","typePartBodyKernel":"Token"}}},{"id":"d2c65983f602ee7e0a7be06e6af61acf","data":{"name":"PartId","description":"パーツの識別子","attribute":{"_":"Nothing"},"projectId":"1e4531eba1d93cd9f9f31a8bc49551a2","typeParameterList":[],"body":{"_":"Kernel","typePartBodyKernel":"Id"}}},{"id":"2562ffbc386c801f5132e10b945786e0","data":{"name":"TypePartId","description":"型パーツの識別子","attribute":{"_":"Nothing"},"projectId":"1e4531eba1d93cd9f9f31a8bc49551a2","typeParameterList":[],"body":{"_":"Kernel","typePartBodyKernel":"Id"}}},{"id":"3133b45b0078dd3b79b067c3ce0c4a67","data":{"name":"TagId","description":"タグの識別子","attribute":{"_":"Nothing"},"projectId":"1e4531eba1d93cd9f9f31a8bc49551a2","typeParameterList":[],"body":{"_":"Kernel","typePartBodyKernel":"Id"}}},{"id":"be993929300452364c8bb658609f682d","data":{"name":"AccountToken","description":"アカウントトークン. アカウントトークンを持っていればアクセストークンをDefinyのサーバーにリクエストした際に得られるIDのアカウントを保有していると証明できる. サーバーにハッシュ化したものを保存している. これが盗まれた場合,不正に得た人はアカウントを乗っ取ることができる. 有効期限はなし, 最後に発行したアカウントトークン以外は無効になる","attribute":{"_":"Nothing"},"projectId":"1e4531eba1d93cd9f9f31a8bc49551a2","typeParameterList":[],"body":{"_":"Kernel","typePartBodyKernel":"Token"}}},{"id":"f0f801e3ab1f50d01e2521b63630d6c4","data":{"name":"PartHash","description":"コミット内に入る. パーツのハッシュ化したもの. ハッシュ化にはパーツ名やドキュメントも含める","attribute":{"_":"Nothing"},"projectId":"1e4531eba1d93cd9f9f31a8bc49551a2","typeParameterList":[],"body":{"_":"Kernel","typePartBodyKernel":"Token"}}},{"id":"9db6ff8756ff0a14768f55f9524f8fd8","data":{"name":"TypePartHash","description":"コミット内に入る. 型パーツのハッシュ化したもの. ハッシュ化には型パーツ名やドキュメントも含める","attribute":{"_":"Nothing"},"projectId":"1e4531eba1d93cd9f9f31a8bc49551a2","typeParameterList":[],"body":{"_":"Kernel","typePartBodyKernel":"Token"}}},{"id":"f2f240718b8ac94d550c2dd3d96a322b","data":{"name":"ReleasePartId","description":"他のプロジェクトのパーツを使うときに使う. 互換性が維持される限り,IDが同じになる","attribute":{"_":"Nothing"},"projectId":"1e4531eba1d93cd9f9f31a8bc49551a2","typeParameterList":[],"body":{"_":"Kernel","typePartBodyKernel":"Id"}}},{"id":"11c5e4b4b797b001ce22b508a68f6c9e","data":{"name":"ReleaseTypePartId","description":"他のプロジェクトの型パーツを使うときに使う. 互換性が維持される限り,IDが同じになる","attribute":{"_":"Nothing"},"projectId":"1e4531eba1d93cd9f9f31a8bc49551a2","typeParameterList":[],"body":{"_":"Kernel","typePartBodyKernel":"Id"}}},{"id":"fa64c1721a3285f112a4118b66b43712","data":{"name":"Time","description":"日時. 0001-01-01T00:00:00.000Z to 9999-12-31T23:59:59.999Z 最小単位はミリ秒. ミリ秒の求め方は day*1000*60*60*24 + millisecond","attribute":{"_":"Nothing"},"projectId":"1e4531eba1d93cd9f9f31a8bc49551a2","typeParameterList":[],"body":{"_":"Product","memberList":[{"name":"day","description":"1970-01-01からの経過日数. マイナスになることもある","type":{"typePartId":"ccf22e92cea3639683c0271d65d00673","parameter":[]}},{"name":"millisecond","description":"日にちの中のミリ秒. 0 to 86399999 (=1000*60*60*24-1)","type":{"typePartId":"ccf22e92cea3639683c0271d65d00673","parameter":[]}}]}}},{"id":"db245392b9296a48a195e4bd8824dd2b","data":{"name":"RequestLogInUrlRequestData","description":"ログインのURLを発行するために必要なデータ","attribute":{"_":"Nothing"},"projectId":"1e4531eba1d93cd9f9f31a8bc49551a2","typeParameterList":[],"body":{"_":"Product","memberList":[{"name":"openIdConnectProvider","description":"ログインに使用するプロバイダー","type":{"typePartId":"0264130f1d9473f670907755cbee50d9","parameter":[]}},{"name":"urlData","description":"ログインした後に返ってくるURLに必要なデータ","type":{"typePartId":"dc3b3cd3f125b344fb60a91c0b184f3e","parameter":[]}}]}}},{"id":"0264130f1d9473f670907755cbee50d9","data":{"name":"OpenIdConnectProvider","description":"ソーシャルログインを提供するプロバイダー (例: Google, GitHub)","attribute":{"_":"Nothing"},"projectId":"1e4531eba1d93cd9f9f31a8bc49551a2","typeParameterList":[],"body":{"_":"Sum","patternList":[{"name":"Google","description":"Google ( https://developers.google.com/identity/sign-in/web/ )","parameter":{"_":"Nothing"}},{"name":"GitHub","description":"GitHub ( https://developer.github.com/v3/guides/basics-of-authentication/ )","parameter":{"_":"Nothing"}}]}}},{"id":"dc3b3cd3f125b344fb60a91c0b184f3e","data":{"name":"UrlData","description":"デバッグモードかどうか,言語とページの場所. URLとして表現されるデータ. Googleなどの検索エンジンの都合( https://support.google.com/webmasters/answer/182192?hl=ja )で,URLにページの言語を入れて,言語ごとに別のURLである必要がある. デバッグ時のホスト名は http://localhost になる","attribute":{"_":"Nothing"},"projectId":"1e4531eba1d93cd9f9f31a8bc49551a2","typeParameterList":[],"body":{"_":"Product","memberList":[{"name":"clientMode","description":"クライアントモード","type":{"typePartId":"261b20a84f5b94b93559aaf98ffc6d33","parameter":[]}},{"name":"location","description":"場所","type":{"typePartId":"e830168583e34ff0750716aa6b253c5f","parameter":[]}},{"name":"language","description":"言語","type":{"typePartId":"a7c52f1164c69f56625e8febd5f44bf3","parameter":[]}}]}}},{"id":"261b20a84f5b94b93559aaf98ffc6d33","data":{"name":"ClientMode","description":"デバッグモードか, リリースモード","attribute":{"_":"Nothing"},"projectId":"1e4531eba1d93cd9f9f31a8bc49551a2","typeParameterList":[],"body":{"_":"Sum","patternList":[{"name":"DebugMode","description":"デバッグモード. オリジンは http://localshot:2520","parameter":{"_":"Nothing"}},{"name":"Release","description":"リリースモード. オリジンは https://definy.app ","parameter":{"_":"Nothing"}}]}}},{"id":"e830168583e34ff0750716aa6b253c5f","data":{"name":"Location","description":"DefinyWebアプリ内での場所を示すもの. URLから求められる. URLに変換できる","attribute":{"_":"Nothing"},"projectId":"1e4531eba1d93cd9f9f31a8bc49551a2","typeParameterList":[],"body":{"_":"Sum","patternList":[{"name":"Home","description":"最初のページ","parameter":{"_":"Nothing"}},{"name":"CreateProject","description":"プロジェクト作成画面","parameter":{"_":"Nothing"}},{"name":"Project","description":"プロジェクトの詳細ページ","parameter":{"_":"Just","value":{"typePartId":"4e3ab0f9499404a5fa100c4b57835906","parameter":[]}}},{"name":"User","description":"ユーザーの詳細ページ","parameter":{"_":"Just","value":{"typePartId":"5a71cddc0b95298cb57ec66089190e9b","parameter":[]}}},{"name":"Idea","description":"アイデア詳細ページ","parameter":{"_":"Just","value":{"typePartId":"719fa4020ae23a96d301d9fa31d8fcaf","parameter":[]}}},{"name":"Commit","description":"コミットの詳細, 編集ページ","parameter":{"_":"Just","value":{"typePartId":"72cc637f6803ef5ca7536889a7fff52e","parameter":[]}}},{"name":"Setting","description":"設定ページ","parameter":{"_":"Nothing"}},{"name":"About","description":"Definyについて説明したページ","parameter":{"_":"Nothing"}},{"name":"Debug","description":"デバッグページ","parameter":{"_":"Nothing"}}]}}},{"id":"a7c52f1164c69f56625e8febd5f44bf3","data":{"name":"Language","description":"英語,日本語,エスペラント語などの言語","attribute":{"_":"Nothing"},"projectId":"1e4531eba1d93cd9f9f31a8bc49551a2","typeParameterList":[],"body":{"_":"Sum","patternList":[{"name":"Japanese","description":"日本語","parameter":{"_":"Nothing"}},{"name":"English","description":"英語","parameter":{"_":"Nothing"}},{"name":"Esperanto","description":"エスペラント語","parameter":{"_":"Nothing"}}]}}},{"id":"655cea387d1aca74e54df4fc2888bcbb","data":{"name":"User","description":"ユーザーのデータのスナップショット","attribute":{"_":"Nothing"},"projectId":"1e4531eba1d93cd9f9f31a8bc49551a2","typeParameterList":[],"body":{"_":"Product","memberList":[{"name":"name","description":"ユーザー名. 表示される名前. 他のユーザーとかぶっても良い. 絵文字も使える. 全角英数は半角英数,半角カタカナは全角カタカナ, (株)の合字を分解するなどのNFKCの正規化がされる. U+0000-U+0019 と U+007F-U+00A0 の範囲の文字は入らない. 前後に空白を含められない. 間の空白は2文字以上連続しない. 文字数のカウント方法は正規化されたあとのCodePoint単位. Twitterと同じ, 1文字以上50文字以下","type":{"typePartId":"f1f830d23ffab8cec4d0191d157b9fc4","parameter":[]}},{"name":"imageHash","description":"プロフィール画像","type":{"typePartId":"b193be207840b5b489517eb5d7b492b2","parameter":[]}},{"name":"introduction","description":"自己紹介文. 改行文字を含めることができる. Twitterと同じ 0～160文字","type":{"typePartId":"f1f830d23ffab8cec4d0191d157b9fc4","parameter":[]}},{"name":"createTime","description":"Definyでユーザーが作成された日時","type":{"typePartId":"fa64c1721a3285f112a4118b66b43712","parameter":[]}}]}}},{"id":"12a442ac046b1757e8684652c2669450","data":{"name":"IdAndData","description":"データを識別するIdとデータ","attribute":{"_":"Nothing"},"projectId":"1e4531eba1d93cd9f9f31a8bc49551a2","typeParameterList":[{"name":"id","typePartId":"fc6ea18b02d5cfa07c79182be262ad72"},{"name":"data","typePartId":"5ca542b76f5199346931fb46caec2a85"}],"body":{"_":"Product","memberList":[{"name":"id","description":"ID","type":{"typePartId":"fc6ea18b02d5cfa07c79182be262ad72","parameter":[]}},{"name":"data","description":"データ","type":{"typePartId":"5ca542b76f5199346931fb46caec2a85","parameter":[]}}]}}},{"id":"3fb93c7e94724891d2a224c6f945acbd","data":{"name":"Project","description":"プロジェクト","attribute":{"_":"Nothing"},"projectId":"1e4531eba1d93cd9f9f31a8bc49551a2","typeParameterList":[],"body":{"_":"Product","memberList":[{"name":"name","description":"プロジェクト名","type":{"typePartId":"f1f830d23ffab8cec4d0191d157b9fc4","parameter":[]}},{"name":"iconHash","description":"プロジェクトのアイコン画像","type":{"typePartId":"b193be207840b5b489517eb5d7b492b2","parameter":[]}},{"name":"imageHash","description":"プロジェクトのカバー画像","type":{"typePartId":"b193be207840b5b489517eb5d7b492b2","parameter":[]}},{"name":"createTime","description":"作成日時","type":{"typePartId":"fa64c1721a3285f112a4118b66b43712","parameter":[]}},{"name":"createUserId","description":"プロジェクトを作成したユーザー","type":{"typePartId":"5a71cddc0b95298cb57ec66089190e9b","parameter":[]}},{"name":"updateTime","description":"更新日時","type":{"typePartId":"fa64c1721a3285f112a4118b66b43712","parameter":[]}},{"name":"rootIdeaId","description":"ルートのアイデア","type":{"typePartId":"719fa4020ae23a96d301d9fa31d8fcaf","parameter":[]}},{"name":"commitId","description":"リリースされたコミット","type":{"typePartId":"72cc637f6803ef5ca7536889a7fff52e","parameter":[]}}]}}},{"id":"98d993c8105a292781e3d3291fb477b6","data":{"name":"Idea","description":"アイデア","attribute":{"_":"Nothing"},"projectId":"1e4531eba1d93cd9f9f31a8bc49551a2","typeParameterList":[],"body":{"_":"Product","memberList":[{"name":"name","description":"アイデア名 最大240文字まで","type":{"typePartId":"f1f830d23ffab8cec4d0191d157b9fc4","parameter":[]}},{"name":"createUserId","description":"言い出しっぺ","type":{"typePartId":"5a71cddc0b95298cb57ec66089190e9b","parameter":[]}},{"name":"createTime","description":"作成日時 ","type":{"typePartId":"fa64c1721a3285f112a4118b66b43712","parameter":[]}},{"name":"projectId","description":"対象のプロジェクト","type":{"typePartId":"4e3ab0f9499404a5fa100c4b57835906","parameter":[]}},{"name":"commentList","description":"アイデアのコメント","type":{"typePartId":"d7a1efe440138793962eed5625de8196","parameter":[{"typePartId":"ce630fa90ed090bd14c941915abd3293","parameter":[]}]}},{"name":"parentIdeaId","description":"親のアイデア","type":{"typePartId":"cdd7dd74dd0f2036b44dcae6aaac46f5","parameter":[{"typePartId":"719fa4020ae23a96d301d9fa31d8fcaf","parameter":[]}]}},{"name":"updateTime","description":"更新日時","type":{"typePartId":"fa64c1721a3285f112a4118b66b43712","parameter":[]}},{"name":"state","description":"アイデアの状態","type":{"typePartId":"9b97c1996665f1009a2f5a0f334d6bff","parameter":[]}}]}}},{"id":"ce630fa90ed090bd14c941915abd3293","data":{"name":"Comment","description":"アイデアのコメント","attribute":{"_":"Nothing"},"projectId":"1e4531eba1d93cd9f9f31a8bc49551a2","typeParameterList":[],"body":{"_":"Product","memberList":[{"name":"createUserId","description":"作成者","type":{"typePartId":"5a71cddc0b95298cb57ec66089190e9b","parameter":[]}},{"name":"createTime","description":"作成日時","type":{"typePartId":"fa64c1721a3285f112a4118b66b43712","parameter":[]}},{"name":"body","description":"本文 1～10000文字","type":{"typePartId":"f1f830d23ffab8cec4d0191d157b9fc4","parameter":[]}}]}}},{"id":"f16c59a2158d9642481085d2492007f8","data":{"name":"Commit","description":"コミット. コードのスナップショット","attribute":{"_":"Nothing"},"projectId":"1e4531eba1d93cd9f9f31a8bc49551a2","typeParameterList":[],"body":{"_":"Product","memberList":[{"name":"createUserId","description":"作成者","type":{"typePartId":"5a71cddc0b95298cb57ec66089190e9b","parameter":[]}},{"name":"description","description":"説明","type":{"typePartId":"f1f830d23ffab8cec4d0191d157b9fc4","parameter":[]}},{"name":"isDraft","description":"まだ確定していないか","type":{"typePartId":"93e91ed730b5e7689250a76096ae60a4","parameter":[]}},{"name":"projectName","description":"プロジェクト名","type":{"typePartId":"f1f830d23ffab8cec4d0191d157b9fc4","parameter":[]}},{"name":"projectImage","description":"プロジェクトの画像","type":{"typePartId":"b193be207840b5b489517eb5d7b492b2","parameter":[]}},{"name":"projectIcon","description":"プロジェクトのアイコン","type":{"typePartId":"b193be207840b5b489517eb5d7b492b2","parameter":[]}},{"name":"partHashList","description":"パーツ","type":{"typePartId":"d7a1efe440138793962eed5625de8196","parameter":[{"typePartId":"f0f801e3ab1f50d01e2521b63630d6c4","parameter":[]}]}},{"name":"typePartHashList","description":"型パーツ","type":{"typePartId":"d7a1efe440138793962eed5625de8196","parameter":[{"typePartId":"9db6ff8756ff0a14768f55f9524f8fd8","parameter":[]}]}},{"name":"projectId","description":"変更をするプロジェクト","type":{"typePartId":"4e3ab0f9499404a5fa100c4b57835906","parameter":[]}},{"name":"ideaId","description":"投稿したアイデアID","type":{"typePartId":"719fa4020ae23a96d301d9fa31d8fcaf","parameter":[]}},{"name":"createTime","description":"作成日時","type":{"typePartId":"fa64c1721a3285f112a4118b66b43712","parameter":[]}},{"name":"updateTime","description":"更新日時","type":{"typePartId":"fa64c1721a3285f112a4118b66b43712","parameter":[]}}]}}},{"id":"9b97c1996665f1009a2f5a0f334d6bff","data":{"name":"IdeaState","description":"アイデアの状況","attribute":{"_":"Nothing"},"projectId":"1e4531eba1d93cd9f9f31a8bc49551a2","typeParameterList":[],"body":{"_":"Sum","patternList":[{"name":"Creating","description":"コミットと子アイデアとコメントを受付中","parameter":{"_":"Nothing"}},{"name":"Approved","description":"実現するコミットが作られ, 承認された","parameter":{"_":"Just","value":{"typePartId":"72cc637f6803ef5ca7536889a7fff52e","parameter":[]}}}]}}},{"id":"68599f9f5f2405a4f83d4dc4a8d4dfd7","data":{"name":"Part","description":"パーツの定義","attribute":{"_":"Nothing"},"projectId":"1e4531eba1d93cd9f9f31a8bc49551a2","typeParameterList":[],"body":{"_":"Product","memberList":[{"name":"name","description":"パーツの名前","type":{"typePartId":"f1f830d23ffab8cec4d0191d157b9fc4","parameter":[]}},{"name":"description","description":"パーツの説明","type":{"typePartId":"f1f830d23ffab8cec4d0191d157b9fc4","parameter":[]}},{"name":"type","description":"パーツの型","type":{"typePartId":"0e16754e227d7287a01596ee10e1244f","parameter":[]}},{"name":"expr","description":"パーツの式","type":{"typePartId":"6e0366a4344ee3f670bd5238aa86cb9e","parameter":[]}},{"name":"projectId","description":"所属しているプロジェクトのID","type":{"typePartId":"4e3ab0f9499404a5fa100c4b57835906","parameter":[]}},{"name":"createCommitId","description":"このパーツが作成されたコミット","type":{"typePartId":"72cc637f6803ef5ca7536889a7fff52e","parameter":[]}}]}}},{"id":"95932121474f7db6f7a1256734be7746","data":{"name":"TypePart","description":"型パーツ","attribute":{"_":"Nothing"},"projectId":"1e4531eba1d93cd9f9f31a8bc49551a2","typeParameterList":[],"body":{"_":"Product","memberList":[{"name":"name","description":"型パーツの名前","type":{"typePartId":"f1f830d23ffab8cec4d0191d157b9fc4","parameter":[]}},{"name":"description","description":"型パーツの説明","type":{"typePartId":"f1f830d23ffab8cec4d0191d157b9fc4","parameter":[]}},{"name":"projectId","description":"所属しているプロジェクトのID","type":{"typePartId":"4e3ab0f9499404a5fa100c4b57835906","parameter":[]}},{"name":"attribute","description":"コンパイラに与える,この型を表現するのにどういう特殊な状態にするかという情報","type":{"typePartId":"cdd7dd74dd0f2036b44dcae6aaac46f5","parameter":[{"typePartId":"225e93ce3e35aa0bd76d07ea6f6b89cf","parameter":[]}]}},{"name":"typeParameterList","description":"型パラメーター","type":{"typePartId":"d7a1efe440138793962eed5625de8196","parameter":[{"typePartId":"e1333f2af01621585b96e47aea9bfee1","parameter":[]}]}},{"name":"body","description":"定義本体","type":{"typePartId":"27c027f90fb0fed86c8205cbd90cd08e","parameter":[]}}]}}},{"id":"225e93ce3e35aa0bd76d07ea6f6b89cf","data":{"name":"TypeAttribute","description":"コンパイラに向けた, 型のデータ形式をどうするかの情報","attribute":{"_":"Nothing"},"projectId":"1e4531eba1d93cd9f9f31a8bc49551a2","typeParameterList":[],"body":{"_":"Sum","patternList":[{"name":"AsBoolean","description":"JavaScript, TypeScript で boolean として扱うように指示する. 定義が2つのパターンで両方パラメーターなし false, trueの順である必要がある","parameter":{"_":"Nothing"}},{"name":"AsUndefined","description":"JavaScript, TypeScript で undefined として扱うように指示する. 定義が1つのパターンでパラメーターなしである必要がある","parameter":{"_":"Nothing"}}]}}},{"id":"e1333f2af01621585b96e47aea9bfee1","data":{"name":"TypeParameter","description":"型パラメーター","attribute":{"_":"Nothing"},"projectId":"1e4531eba1d93cd9f9f31a8bc49551a2","typeParameterList":[],"body":{"_":"Product","memberList":[{"name":"name","description":"型パラメーターの名前","type":{"typePartId":"f1f830d23ffab8cec4d0191d157b9fc4","parameter":[]}},{"name":"typePartId","description":"型パラメーターの型ID","type":{"typePartId":"2562ffbc386c801f5132e10b945786e0","parameter":[]}}]}}},{"id":"27c027f90fb0fed86c8205cbd90cd08e","data":{"name":"TypePartBody","description":"型の定義本体","attribute":{"_":"Nothing"},"projectId":"1e4531eba1d93cd9f9f31a8bc49551a2","typeParameterList":[],"body":{"_":"Sum","patternList":[{"name":"Product","description":"直積型","parameter":{"_":"Just","value":{"typePartId":"d7a1efe440138793962eed5625de8196","parameter":[{"typePartId":"73b8e53686ac76acb085cb096f658d58","parameter":[]}]}}},{"name":"Sum","description":"直和型","parameter":{"_":"Just","value":{"typePartId":"d7a1efe440138793962eed5625de8196","parameter":[{"typePartId":"512c55527a1ce9822e1e51b2f6063789","parameter":[]}]}}},{"name":"Kernel","description":"Definyだけでは表現できないデータ型","parameter":{"_":"Just","value":{"typePartId":"739fb46c7b45d8c51865fc91d5d2ebb1","parameter":[]}}}]}}},{"id":"73b8e53686ac76acb085cb096f658d58","data":{"name":"Member","description":"直積型のメンバー","attribute":{"_":"Nothing"},"projectId":"1e4531eba1d93cd9f9f31a8bc49551a2","typeParameterList":[],"body":{"_":"Product","memberList":[{"name":"name","description":"メンバー名","type":{"typePartId":"f1f830d23ffab8cec4d0191d157b9fc4","parameter":[]}},{"name":"description","description":"メンバーの説明","type":{"typePartId":"f1f830d23ffab8cec4d0191d157b9fc4","parameter":[]}},{"name":"type","description":"メンバー値の型","type":{"typePartId":"0e16754e227d7287a01596ee10e1244f","parameter":[]}}]}}},{"id":"512c55527a1ce9822e1e51b2f6063789","data":{"name":"Pattern","description":"直積型のパターン","attribute":{"_":"Nothing"},"projectId":"1e4531eba1d93cd9f9f31a8bc49551a2","typeParameterList":[],"body":{"_":"Product","memberList":[{"name":"name","description":"タグ名","type":{"typePartId":"f1f830d23ffab8cec4d0191d157b9fc4","parameter":[]}},{"name":"description","description":"パターンの説明","type":{"typePartId":"f1f830d23ffab8cec4d0191d157b9fc4","parameter":[]}},{"name":"parameter","description":"そのパターンにつけるデータの型","type":{"typePartId":"cdd7dd74dd0f2036b44dcae6aaac46f5","parameter":[{"typePartId":"0e16754e227d7287a01596ee10e1244f","parameter":[]}]}}]}}},{"id":"739fb46c7b45d8c51865fc91d5d2ebb1","data":{"name":"TypePartBodyKernel","description":"Definyだけでは表現できないデータ型","attribute":{"_":"Nothing"},"projectId":"1e4531eba1d93cd9f9f31a8bc49551a2","typeParameterList":[],"body":{"_":"Sum","patternList":[{"name":"Function","description":"関数","parameter":{"_":"Nothing"}},{"name":"Int32","description":"32bit整数","parameter":{"_":"Nothing"}},{"name":"String","description":"文字列. Definyだけで表現できるが, TypeScriptでstringとして扱うために必要","parameter":{"_":"Nothing"}},{"name":"Binary","description":"バイナリ型. TypeScriptではUint8Arrayとして扱う","parameter":{"_":"Nothing"}},{"name":"Id","description":"UUID (16byte) を表現する. 内部表現はとりあえず0-f長さ32の文字列","parameter":{"_":"Nothing"}},{"name":"Token","description":"sha256などでハッシュ化したもの (32byte) を表現する. 内部表現はとりあえず0-f長さ64の文字列","parameter":{"_":"Nothing"}},{"name":"List","description":"配列型. TypeScriptではReadonlyArrayとして扱う","parameter":{"_":"Nothing"}}]}}},{"id":"0e16754e227d7287a01596ee10e1244f","data":{"name":"Type","description":"型","attribute":{"_":"Nothing"},"projectId":"1e4531eba1d93cd9f9f31a8bc49551a2","typeParameterList":[],"body":{"_":"Product","memberList":[{"name":"typePartId","description":"型の参照","type":{"typePartId":"2562ffbc386c801f5132e10b945786e0","parameter":[]}},{"name":"parameter","description":"型のパラメーター","type":{"typePartId":"d7a1efe440138793962eed5625de8196","parameter":[{"typePartId":"0e16754e227d7287a01596ee10e1244f","parameter":[]}]}}]}}},{"id":"6e0366a4344ee3f670bd5238aa86cb9e","data":{"name":"Expr","description":"式","attribute":{"_":"Nothing"},"projectId":"1e4531eba1d93cd9f9f31a8bc49551a2","typeParameterList":[],"body":{"_":"Sum","patternList":[{"name":"Kernel","description":"Definyだけでは表現できない式","parameter":{"_":"Just","value":{"typePartId":"dfd22b704f16a4033ad6a07b6ce7fb5b","parameter":[]}}},{"name":"Int32Literal","description":"32bit整数","parameter":{"_":"Just","value":{"typePartId":"ccf22e92cea3639683c0271d65d00673","parameter":[]}}},{"name":"PartReference","description":"パーツの値を参照","parameter":{"_":"Just","value":{"typePartId":"d2c65983f602ee7e0a7be06e6af61acf","parameter":[]}}},{"name":"TagReference","description":"タグを参照","parameter":{"_":"Just","value":{"typePartId":"9e622b94f66cccedeb7cd9eb10232867","parameter":[]}}},{"name":"FunctionCall","description":"関数呼び出し","parameter":{"_":"Just","value":{"typePartId":"eb48ccda184401de37cee133ee046e94","parameter":[]}}},{"name":"Lambda","description":"ラムダ","parameter":{"_":"Just","value":{"typePartId":"d7a1efe440138793962eed5625de8196","parameter":[{"typePartId":"e1c39a207e4c950b326f1294550f40ac","parameter":[]}]}}}]}}},{"id":"dfd22b704f16a4033ad6a07b6ce7fb5b","data":{"name":"KernelExpr","description":"Definyだけでは表現できない式","attribute":{"_":"Nothing"},"projectId":"1e4531eba1d93cd9f9f31a8bc49551a2","typeParameterList":[],"body":{"_":"Sum","patternList":[{"name":"Int32Add","description":"32bit整数を足す関数","parameter":{"_":"Nothing"}},{"name":"Int32Sub","description":"32bit整数を引く関数","parameter":{"_":"Nothing"}},{"name":"Int32Mul","description":"32bit整数をかける関数","parameter":{"_":"Nothing"}}]}}},{"id":"9e622b94f66cccedeb7cd9eb10232867","data":{"name":"TagReference","description":"タグの参照を表す","attribute":{"_":"Nothing"},"projectId":"1e4531eba1d93cd9f9f31a8bc49551a2","typeParameterList":[],"body":{"_":"Product","memberList":[{"name":"typePartId","description":"型ID","type":{"typePartId":"2562ffbc386c801f5132e10b945786e0","parameter":[]}},{"name":"tagId","description":"タグID","type":{"typePartId":"3133b45b0078dd3b79b067c3ce0c4a67","parameter":[]}}]}}},{"id":"eb48ccda184401de37cee133ee046e94","data":{"name":"FunctionCall","description":"関数呼び出し","attribute":{"_":"Nothing"},"projectId":"1e4531eba1d93cd9f9f31a8bc49551a2","typeParameterList":[],"body":{"_":"Product","memberList":[{"name":"function","description":"関数","type":{"typePartId":"6e0366a4344ee3f670bd5238aa86cb9e","parameter":[]}},{"name":"parameter","description":"パラメーター","type":{"typePartId":"6e0366a4344ee3f670bd5238aa86cb9e","parameter":[]}}]}}},{"id":"e1c39a207e4c950b326f1294550f40ac","data":{"name":"LambdaBranch","description":"ラムダのブランチ. Just x -> data x のようなところ","attribute":{"_":"Nothing"},"projectId":"1e4531eba1d93cd9f9f31a8bc49551a2","typeParameterList":[],"body":{"_":"Product","memberList":[{"name":"condition","description":"入力値の条件を書くところ. Just x","type":{"typePartId":"a27c39d96ff09d8bafa4b37d386995d9","parameter":[]}},{"name":"description","description":"ブランチの説明","type":{"typePartId":"f1f830d23ffab8cec4d0191d157b9fc4","parameter":[]}},{"name":"localPartList","description":"","type":{"typePartId":"d7a1efe440138793962eed5625de8196","parameter":[{"typePartId":"7591b507c8c0477470c0eadca88b86c3","parameter":[]}]}},{"name":"expr","description":"式","type":{"typePartId":"6e0366a4344ee3f670bd5238aa86cb9e","parameter":[]}}]}}},{"id":"a27c39d96ff09d8bafa4b37d386995d9","data":{"name":"Condition","description":"ブランチの式を使う条件","attribute":{"_":"Nothing"},"projectId":"1e4531eba1d93cd9f9f31a8bc49551a2","typeParameterList":[],"body":{"_":"Sum","patternList":[{"name":"ByTag","description":"タグ","parameter":{"_":"Just","value":{"typePartId":"46ec720c126a7093a527d29c176c5b59","parameter":[]}}},{"name":"ByCapture","description":"キャプチャパーツへのキャプチャ","parameter":{"_":"Just","value":{"typePartId":"1e0084ab494ca046f98cd6334ecf0944","parameter":[]}}},{"name":"Any","description":"_ すべてのパターンを通すもの","parameter":{"_":"Nothing"}},{"name":"Int32","description":"32bit整数の完全一致","parameter":{"_":"Just","value":{"typePartId":"ccf22e92cea3639683c0271d65d00673","parameter":[]}}}]}}},{"id":"46ec720c126a7093a527d29c176c5b59","data":{"name":"ConditionTag","description":"タグによる条件","attribute":{"_":"Nothing"},"projectId":"1e4531eba1d93cd9f9f31a8bc49551a2","typeParameterList":[],"body":{"_":"Product","memberList":[{"name":"tag","description":"タグ","type":{"typePartId":"3133b45b0078dd3b79b067c3ce0c4a67","parameter":[]}},{"name":"parameter","description":"パラメーター","type":{"typePartId":"cdd7dd74dd0f2036b44dcae6aaac46f5","parameter":[{"typePartId":"a27c39d96ff09d8bafa4b37d386995d9","parameter":[]}]}}]}}},{"id":"1e0084ab494ca046f98cd6334ecf0944","data":{"name":"ConditionCapture","description":"キャプチャパーツへのキャプチャ","attribute":{"_":"Nothing"},"projectId":"1e4531eba1d93cd9f9f31a8bc49551a2","typeParameterList":[],"body":{"_":"Product","memberList":[{"name":"name","description":"キャプチャパーツの名前","type":{"typePartId":"f1f830d23ffab8cec4d0191d157b9fc4","parameter":[]}},{"name":"partId","description":"ローカルパーツのパーツId","type":{"typePartId":"d2c65983f602ee7e0a7be06e6af61acf","parameter":[]}}]}}},{"id":"7591b507c8c0477470c0eadca88b86c3","data":{"name":"BranchPartDefinition","description":"ラムダのブランチで使えるパーツを定義する部分","attribute":{"_":"Nothing"},"projectId":"1e4531eba1d93cd9f9f31a8bc49551a2","typeParameterList":[],"body":{"_":"Product","memberList":[{"name":"partId","description":"ローカルパーツのPartId","type":{"typePartId":"d2c65983f602ee7e0a7be06e6af61acf","parameter":[]}},{"name":"name","description":"ブランチパーツの名前","type":{"typePartId":"f1f830d23ffab8cec4d0191d157b9fc4","parameter":[]}},{"name":"description","description":"ブランチパーツの説明","type":{"typePartId":"f1f830d23ffab8cec4d0191d157b9fc4","parameter":[]}},{"name":"type","description":"ローカルパーツの型","type":{"typePartId":"0e16754e227d7287a01596ee10e1244f","parameter":[]}},{"name":"expr","description":"ローカルパーツの式","type":{"typePartId":"6e0366a4344ee3f670bd5238aa86cb9e","parameter":[]}}]}}},{"id":"76b94bf171eb1dd4cbfb7835938b76b2","data":{"name":"EvaluatedExpr","description":"評価しきった式","attribute":{"_":"Nothing"},"projectId":"1e4531eba1d93cd9f9f31a8bc49551a2","typeParameterList":[],"body":{"_":"Sum","patternList":[{"name":"Kernel","description":"Definyだけでは表現できない式","parameter":{"_":"Just","value":{"typePartId":"dfd22b704f16a4033ad6a07b6ce7fb5b","parameter":[]}}},{"name":"Int32","description":"32bit整数","parameter":{"_":"Just","value":{"typePartId":"ccf22e92cea3639683c0271d65d00673","parameter":[]}}},{"name":"TagReference","description":"タグを参照","parameter":{"_":"Just","value":{"typePartId":"9e622b94f66cccedeb7cd9eb10232867","parameter":[]}}},{"name":"Lambda","description":"ラムダ","parameter":{"_":"Just","value":{"typePartId":"d7a1efe440138793962eed5625de8196","parameter":[{"typePartId":"e1c39a207e4c950b326f1294550f40ac","parameter":[]}]}}},{"name":"KernelCall","description":"内部関数呼び出し","parameter":{"_":"Just","value":{"typePartId":"1db3d6bfb8b0b396a3f94f062d37a630","parameter":[]}}}]}}},{"id":"1db3d6bfb8b0b396a3f94f062d37a630","data":{"name":"KernelCall","description":"複数の引数が必要な内部関数の部分呼び出し","attribute":{"_":"Nothing"},"projectId":"1e4531eba1d93cd9f9f31a8bc49551a2","typeParameterList":[],"body":{"_":"Product","memberList":[{"name":"kernel","description":"関数","type":{"typePartId":"dfd22b704f16a4033ad6a07b6ce7fb5b","parameter":[]}},{"name":"expr","description":"呼び出すパラメーター","type":{"typePartId":"76b94bf171eb1dd4cbfb7835938b76b2","parameter":[]}}]}}},{"id":"6519a080b86da2627bef4032319ac621","data":{"name":"EvaluateExprError","description":"評価したときに失敗した原因を表すもの","attribute":{"_":"Nothing"},"projectId":"1e4531eba1d93cd9f9f31a8bc49551a2","typeParameterList":[],"body":{"_":"Sum","patternList":[{"name":"NeedPartDefinition","description":"式を評価するには,このパーツの定義が必要だと言っている","parameter":{"_":"Just","value":{"typePartId":"d2c65983f602ee7e0a7be06e6af61acf","parameter":[]}}},{"name":"Blank","description":"計算結果にblankが含まれている","parameter":{"_":"Nothing"}},{"name":"TypeError","description":"型が合わない","parameter":{"_":"Just","value":{"typePartId":"466fbfeeb2d6ead0f6bd0833b5ea3d71","parameter":[]}}},{"name":"NotSupported","description":"まだサポートしていないものが含まれている","parameter":{"_":"Nothing"}}]}}},{"id":"466fbfeeb2d6ead0f6bd0833b5ea3d71","data":{"name":"TypeError","description":"型エラー","attribute":{"_":"Nothing"},"projectId":"1e4531eba1d93cd9f9f31a8bc49551a2","typeParameterList":[],"body":{"_":"Product","memberList":[{"name":"message","description":"型エラーの説明","type":{"typePartId":"f1f830d23ffab8cec4d0191d157b9fc4","parameter":[]}}]}}},{"id":"8ac0f1e4609a750afb9e068d9914a2db","data":{"name":"CreateProjectParameter","description":"プロジェクト作成時に必要なパラメーター","attribute":{"_":"Nothing"},"projectId":"1e4531eba1d93cd9f9f31a8bc49551a2","typeParameterList":[],"body":{"_":"Product","memberList":[{"name":"accountToken","description":"プロジェクトを作るときのアカウント","type":{"typePartId":"be993929300452364c8bb658609f682d","parameter":[]}},{"name":"projectName","description":"プロジェクト名","type":{"typePartId":"f1f830d23ffab8cec4d0191d157b9fc4","parameter":[]}}]}}},{"id":"036e55068c26060c3632062801b0216b","data":{"name":"CreateIdeaParameter","description":"アイデアを作成時に必要なパラメーター","attribute":{"_":"Nothing"},"projectId":"1e4531eba1d93cd9f9f31a8bc49551a2","typeParameterList":[],"body":{"_":"Product","memberList":[{"name":"accountToken","description":"プロジェクトを作るときのアカウント","type":{"typePartId":"be993929300452364c8bb658609f682d","parameter":[]}},{"name":"ideaName","description":"アイデア名","type":{"typePartId":"f1f830d23ffab8cec4d0191d157b9fc4","parameter":[]}},{"name":"parentId","description":"親アイデアID","type":{"typePartId":"719fa4020ae23a96d301d9fa31d8fcaf","parameter":[]}}]}}},{"id":"ad7a6a667a36a79c3bbc81f8f0789fe8","data":{"name":"AddCommentParameter","description":"アイデアにコメントを追加するときに必要なパラメーター","attribute":{"_":"Nothing"},"projectId":"1e4531eba1d93cd9f9f31a8bc49551a2","typeParameterList":[],"body":{"_":"Product","memberList":[{"name":"accountToken","description":"コメントをするユーザー","type":{"typePartId":"be993929300452364c8bb658609f682d","parameter":[]}},{"name":"ideaId","description":"コメントを追加するアイデア","type":{"typePartId":"719fa4020ae23a96d301d9fa31d8fcaf","parameter":[]}},{"name":"comment","description":"コメント本文","type":{"typePartId":"f1f830d23ffab8cec4d0191d157b9fc4","parameter":[]}}]}}},{"id":"8b40f4351fe048ff78f14c523b6f76f1","data":{"name":"AddCommitParameter","description":"提案を作成するときに必要なパラメーター","attribute":{"_":"Nothing"},"projectId":"1e4531eba1d93cd9f9f31a8bc49551a2","typeParameterList":[],"body":{"_":"Product","memberList":[{"name":"accountToken","description":"提案を作成するユーザー","type":{"typePartId":"be993929300452364c8bb658609f682d","parameter":[]}},{"name":"ideaId","description":"提案に関連付けられるアイデア","type":{"typePartId":"719fa4020ae23a96d301d9fa31d8fcaf","parameter":[]}}]}}},{"id":"74280d6a5db1d48b6815a73a819756c3","data":{"name":"AccountTokenAndCommitId","description":"コミットを確定状態にしたり, 承認したりするときなどに使う","attribute":{"_":"Nothing"},"projectId":"1e4531eba1d93cd9f9f31a8bc49551a2","typeParameterList":[],"body":{"_":"Product","memberList":[{"name":"accountToken","description":"アカウントトークン","type":{"typePartId":"be993929300452364c8bb658609f682d","parameter":[]}},{"name":"commitId","description":"commitId","type":{"typePartId":"72cc637f6803ef5ca7536889a7fff52e","parameter":[]}}]}}},{"id":"d562fe803c7e40c32269e24c1435e4d1","data":{"name":"LogInState","description":"ログイン状態","attribute":{"_":"Nothing"},"projectId":"1e4531eba1d93cd9f9f31a8bc49551a2","typeParameterList":[],"body":{"_":"Sum","patternList":[{"name":"LoadingAccountTokenFromIndexedDB","description":"アカウントトークンをindexedDBから読み取っている状態","parameter":{"_":"Nothing"}},{"name":"Guest","description":"ログインしていない状態","parameter":{"_":"Nothing"}},{"name":"RequestingLogInUrl","description":"ログインへの画面URLをリクエストした状態","parameter":{"_":"Just","value":{"typePartId":"0264130f1d9473f670907755cbee50d9","parameter":[]}}},{"name":"JumpingToLogInPage","description":"ログインURLを受け取り,ログイン画面へ移行中","parameter":{"_":"Just","value":{"typePartId":"f1f830d23ffab8cec4d0191d157b9fc4","parameter":[]}}},{"name":"VerifyingAccountToken","description":"アカウントトークンの検証とログインしているユーザーの情報を取得している状態","parameter":{"_":"Just","value":{"typePartId":"be993929300452364c8bb658609f682d","parameter":[]}}},{"name":"LoggedIn","description":"ログインしている状態","parameter":{"_":"Just","value":{"typePartId":"895fb0f083f1828da2c56b25ed77eb54","parameter":[]}}}]}}},{"id":"895fb0f083f1828da2c56b25ed77eb54","data":{"name":"AccountTokenAndUserId","description":"AccountTokenとUserId","attribute":{"_":"Nothing"},"projectId":"1e4531eba1d93cd9f9f31a8bc49551a2","typeParameterList":[],"body":{"_":"Product","memberList":[{"name":"accountToken","description":"accountToken","type":{"typePartId":"be993929300452364c8bb658609f682d","parameter":[]}},{"name":"userId","description":"UserId","type":{"typePartId":"5a71cddc0b95298cb57ec66089190e9b","parameter":[]}}]}}},{"id":"f7590073f3ed06452193dddbb91e82e0","data":{"name":"WithTime","description":"取得日時と任意のデータ","attribute":{"_":"Nothing"},"projectId":"1e4531eba1d93cd9f9f31a8bc49551a2","typeParameterList":[{"name":"data","typePartId":"79be6a507196441f8c317c8a7415a9d0"}],"body":{"_":"Product","memberList":[{"name":"getTime","description":"データベースから取得した日時","type":{"typePartId":"fa64c1721a3285f112a4118b66b43712","parameter":[]}},{"name":"data","description":"データ","type":{"typePartId":"79be6a507196441f8c317c8a7415a9d0","parameter":[]}}]}}},{"id":"833fbf3dcab7e9365f334f8b00c24d55","data":{"name":"ResourceState","description":"ProjectやUserなどのリソースの状態とデータ. 読み込み中だとか","attribute":{"_":"Nothing"},"projectId":"1e4531eba1d93cd9f9f31a8bc49551a2","typeParameterList":[{"name":"data","typePartId":"5089ac70cf7b31947a7ba2c244212578"}],"body":{"_":"Sum","patternList":[{"name":"Loaded","description":"読み込み済み","parameter":{"_":"Just","value":{"typePartId":"f7590073f3ed06452193dddbb91e82e0","parameter":[{"typePartId":"5089ac70cf7b31947a7ba2c244212578","parameter":[]}]}}},{"name":"Deleted","description":"削除されたか, 存在しない","parameter":{"_":"Just","value":{"typePartId":"fa64c1721a3285f112a4118b66b43712","parameter":[]}}},{"name":"Unknown","description":"データを取得できなかった (サーバーの障害, オフライン)","parameter":{"_":"Just","value":{"typePartId":"fa64c1721a3285f112a4118b66b43712","parameter":[]}}},{"name":"Requesting","description":"サーバに問い合わせ中","parameter":{"_":"Nothing"}}]}}},{"id":"134205335ce83693fd83994e907acabd","data":{"name":"StaticResourceState","description":"キーであるTokenによってデータが必ず1つに決まるもの. 絶対に更新されない. リソースがないということはデータが不正な状態になっているということ","attribute":{"_":"Nothing"},"projectId":"1e4531eba1d93cd9f9f31a8bc49551a2","typeParameterList":[{"name":"data","typePartId":"c99b0600c7aca05a1716e4a4c3519cec"}],"body":{"_":"Sum","patternList":[{"name":"Loaded","description":"取得済み","parameter":{"_":"Just","value":{"typePartId":"c99b0600c7aca05a1716e4a4c3519cec","parameter":[]}}},{"name":"Unknown","description":"データを取得できなかった (サーバーの障害, オフライン)","parameter":{"_":"Nothing"}},{"name":"Loading","description":"indexedDBにアクセス中","parameter":{"_":"Nothing"}},{"name":"Requesting","description":"サーバに問い合わせ中","parameter":{"_":"Nothing"}}]}}},{"id":"4143a0787c0f06dfddc2f2f13f7e7a20","data":{"name":"AccountTokenAndProjectId","description":"アカウントトークンとプロジェクトID","attribute":{"_":"Nothing"},"projectId":"1e4531eba1d93cd9f9f31a8bc49551a2","typeParameterList":[],"body":{"_":"Product","memberList":[{"name":"accountToken","description":"アカウントトークン","type":{"typePartId":"be993929300452364c8bb658609f682d","parameter":[]}},{"name":"projectId","description":"プロジェクトID","type":{"typePartId":"4e3ab0f9499404a5fa100c4b57835906","parameter":[]}}]}}},{"id":"0d8c602dce6d495c31fbde469acf235d","data":{"name":"SetTypePartListParameter","description":"型パーツのリストを変更する","attribute":{"_":"Nothing"},"projectId":"1e4531eba1d93cd9f9f31a8bc49551a2","typeParameterList":[],"body":{"_":"Product","memberList":[{"name":"accountToken","description":"アカウントトークン","type":{"typePartId":"be993929300452364c8bb658609f682d","parameter":[]}},{"name":"projectId","description":"プロジェクトID","type":{"typePartId":"4e3ab0f9499404a5fa100c4b57835906","parameter":[]}},{"name":"typePartList","description":"型パーツのリスト","type":{"typePartId":"d7a1efe440138793962eed5625de8196","parameter":[{"typePartId":"12a442ac046b1757e8684652c2669450","parameter":[{"typePartId":"2562ffbc386c801f5132e10b945786e0","parameter":[]},{"typePartId":"95932121474f7db6f7a1256734be7746","parameter":[]}]}]}}]}}}]